DATE,ICERATES1100USD5Y
2014-10-21,1.603
2014-10-22,1.617
2014-10-23,1.664
2014-10-24,1.666
2014-10-27,1.662
2014-10-28,1.669
2014-10-29,1.695
2014-10-30,1.725
2014-10-31,1.766
2014-11-03,1.802
2014-11-04,1.744
2014-11-05,1.78
2014-11-06,1.791
2014-11-07,1.761
2014-11-10,1.756
2014-11-11,.
2014-11-12,1.757
2014-11-13,1.769
2014-11-14,1.779
2014-11-17,1.754
2014-11-18,1.741
2014-11-19,1.772
2014-11-20,1.771
2014-11-21,1.747
2014-11-24,1.752
2014-11-25,1.729
2014-11-26,1.682
2014-11-27,.
2014-11-28,1.664
2014-12-01,1.622
2014-12-02,1.723
2014-12-03,1.747
2014-12-04,1.727
2014-12-05,1.819
2014-12-08,1.819
2014-12-09,1.75
2014-12-10,1.743
2014-12-11,1.757
2014-12-12,1.662
2014-12-15,1.711
2014-12-16,1.682
2014-12-17,1.694
2014-12-18,1.801
2014-12-19,1.776
2014-12-22,1.799
2014-12-23,1.825
2014-12-24,1.882
2014-12-25,.
2014-12-26,1.861
2014-12-29,1.807
2014-12-30,1.777
2014-12-31,.
2015-01-01,.
2015-01-02,1.737
2015-01-05,1.703
2015-01-06,1.62
2015-01-07,1.622
2015-01-08,1.643
2015-01-09,1.576
2015-01-12,1.554
2015-01-13,1.547
2015-01-14,1.435
2015-01-15,1.411
2015-01-16,1.433
2015-01-19,.
2015-01-20,1.397
2015-01-21,1.436
2015-01-22,1.514
2015-01-23,1.482
2015-01-26,1.523
2015-01-27,1.445
2015-01-28,1.467
2015-01-29,1.445
2015-01-30,1.368
2015-02-02,1.37
2015-02-03,1.411
2015-02-04,1.483
2015-02-05,1.48
2015-02-06,1.62
2015-02-09,1.631
2015-02-10,1.672
2015-02-11,1.683
2015-02-12,1.657
2015-02-13,1.658
2015-02-16,.
2015-02-17,1.726
2015-02-18,1.755
2015-02-19,1.691
2015-02-20,1.702
2015-02-23,1.712
2015-02-24,1.684
2015-02-25,1.62
2015-02-26,1.659
2015-02-27,1.661
2015-03-02,1.709
2015-03-03,1.745
2015-03-04,1.748
2015-03-05,1.751
2015-03-06,1.834
2015-03-09,1.806
2015-03-10,1.762
2015-03-11,1.77
2015-03-12,1.731
2015-03-13,1.732
2015-03-16,1.718
2015-03-17,1.699
2015-03-18,1.693
2015-03-19,1.589
2015-03-20,1.577
2015-03-23,1.564
2015-03-24,1.55
2015-03-25,1.523
2015-03-26,1.597
2015-03-27,1.573
2015-03-30,1.56
2015-03-31,1.541
2015-04-01,1.498
2015-04-02,1.516
2015-04-03,.
2015-04-06,.
2015-04-07,1.51
2015-04-08,1.503
2015-04-09,1.527
2015-04-10,1.549
2015-04-13,1.542
2015-04-14,1.46
2015-04-15,1.466
2015-04-16,1.493
2015-04-17,1.489
2015-04-20,1.475
2015-04-21,1.496
2015-04-22,1.539
2015-04-23,1.531
2015-04-24,1.48
2015-04-27,1.509
2015-04-28,1.52
2015-04-29,1.591
2015-04-30,1.648
2015-05-01,1.642
2015-05-04,1.641
2015-05-05,1.692
2015-05-06,1.731
2015-05-07,1.72
2015-05-08,1.631
2015-05-11,1.685
2015-05-12,1.731
2015-05-13,1.675
2015-05-14,1.66
2015-05-15,1.62
2015-05-18,1.66
2015-05-19,1.71
2015-05-20,1.692
2015-05-21,1.67
2015-05-22,1.692
2015-05-25,.
2015-05-26,1.687
2015-05-27,1.691
2015-05-28,1.661
2015-05-29,1.631
2015-06-01,1.651
2015-06-02,1.732
2015-06-03,1.794
2015-06-04,1.785
2015-06-05,1.876
2015-06-08,1.836
2015-06-09,1.883
2015-06-10,1.906
2015-06-11,1.896
2015-06-12,1.836
2015-06-15,1.828
2015-06-16,1.821
2015-06-17,1.856
2015-06-18,1.779
2015-06-19,1.719
2015-06-22,1.783
2015-06-23,1.807
2015-06-24,1.828
2015-06-25,1.844
2015-06-26,1.864
2015-06-29,1.791
2015-06-30,1.777
2015-07-01,1.822
2015-07-02,1.79
2015-07-03,.
2015-07-06,1.749
2015-07-07,1.644
2015-07-08,1.682
2015-07-09,1.693
2015-07-10,1.758
2015-07-13,1.827
2015-07-14,1.788
2015-07-15,1.791
2015-07-16,1.77
2015-07-17,1.79
2015-07-20,1.817
2015-07-21,1.804
2015-07-22,1.774
2015-07-23,1.809
2015-07-24,1.744
2015-07-27,1.705
2015-07-28,1.719
2015-07-29,1.754
2015-07-30,1.769
2015-07-31,1.683
2015-08-03,1.665
2015-08-04,1.675
2015-08-05,1.778
2015-08-06,1.743
2015-08-07,1.728
2015-08-10,1.737
2015-08-11,1.663
2015-08-12,1.598
2015-08-13,1.682
2015-08-14,1.714
2015-08-17,1.683
2015-08-18,1.694
2015-08-19,1.695
2015-08-20,1.611
2015-08-21,1.58
2015-08-24,1.493
2015-08-25,1.547
2015-08-26,1.543
2015-08-27,1.613
2015-08-28,1.58
2015-08-31,1.605
2015-09-01,1.594
2015-09-02,1.598
2015-09-03,1.598
2015-09-04,1.574
2015-09-07,.
2015-09-08,1.583
2015-09-09,1.608
2015-09-10,1.592
2015-09-11,1.565
2015-09-14,1.569
2015-09-15,1.609
2015-09-16,1.63
2015-09-17,1.649
2015-09-18,1.541
2015-09-21,1.544
2015-09-22,1.493
2015-09-23,1.508
2015-09-24,1.449
2015-09-25,1.514
2015-09-28,1.457
2015-09-29,1.417
2015-09-30,1.392
2015-10-01,1.399
2015-10-02,1.305
2015-10-05,1.37
2015-10-06,1.384
2015-10-07,1.412
2015-10-08,1.43
2015-10-09,1.452
2015-10-12,.
2015-10-13,1.424
2015-10-14,1.322
2015-10-15,1.346
2015-10-16,1.358
2015-10-19,1.384
2015-10-20,1.405
2015-10-21,1.381
2015-10-22,1.376
2015-10-23,1.424
2015-10-26,1.408
2015-10-27,1.361
2015-10-28,1.398
2015-10-29,1.503
2015-10-30,1.513
2015-11-02,1.529
2015-11-03,1.545
2015-11-04,1.57
2015-11-05,1.556
2015-11-06,1.681
2015-11-09,1.718
2015-11-10,1.656
2015-11-11,.
2015-11-12,1.663
2015-11-13,1.618
2015-11-16,1.593
2015-11-17,1.643
2015-11-18,1.629
2015-11-19,1.572
2015-11-20,1.558
2015-11-23,1.586
2015-11-24,1.59
2015-11-25,1.604
2015-11-26,.
2015-11-27,1.573
2015-11-30,1.577
2015-12-01,1.54
2015-12-02,1.567
2015-12-03,1.643
2015-12-04,1.66
2015-12-07,1.635
2015-12-08,1.622
2015-12-09,1.647
2015-12-10,1.628
2015-12-11,1.588
2015-12-14,1.588
2015-12-15,1.648
2015-12-16,1.679
2015-12-17,1.685
2015-12-18,1.672
2015-12-21,1.673
2015-12-22,1.685
2015-12-23,1.714
2015-12-24,1.698
2015-12-25,.
2015-12-28,1.692
2015-12-29,1.73
2015-12-30,1.772
2015-12-31,1.721
2016-01-01,.
2016-01-04,1.683
2016-01-05,1.687
2016-01-06,1.639
2016-01-07,1.61
2016-01-08,1.548
2016-01-11,1.515
2016-01-12,1.496
2016-01-13,1.484
2016-01-14,1.434
2016-01-15,1.355
2016-01-18,.
2016-01-19,1.398
2016-01-20,1.314
2016-01-21,1.352
2016-01-22,1.419
2016-01-25,1.409
2016-01-26,1.395
2016-01-27,1.414
2016-01-28,1.372
2016-01-29,1.3
2016-02-01,1.333
2016-02-02,1.258
2016-02-03,1.19
2016-02-04,1.233
2016-02-05,1.251
2016-02-08,1.14
2016-02-09,1.11
2016-02-10,1.126
2016-02-11,.
2016-02-12,1.096
2016-02-15,.
2016-02-16,1.134
2016-02-17,1.198
2016-02-18,1.171
2016-02-19,1.142
2016-02-22,1.149
2016-02-23,1.135
2016-02-24,1.073
2016-02-25,1.08
2016-02-26,1.156
2016-02-29,1.146
2016-03-01,1.196
2016-03-02,1.263
2016-03-03,1.269
2016-03-04,1.304
2016-03-07,1.326
2016-03-08,1.244
2016-03-09,1.28
2016-03-10,1.367
2016-03-11,1.4
2016-03-14,1.389
2016-03-15,1.404
2016-03-16,1.452
2016-03-17,1.313
2016-03-18,1.274
2016-03-21,1.303
2016-03-22,1.313
2016-03-23,1.344
2016-03-24,1.334
2016-03-25,.
2016-03-28,1.317
2016-03-29,1.295
2016-03-30,1.25
2016-03-31,1.209
2016-04-01,1.221
2016-04-04,1.2
2016-04-05,1.153
2016-04-06,1.164
2016-04-07,1.13
2016-04-08,1.154
2016-04-11,1.146
2016-04-12,1.173
2016-04-13,1.199
2016-04-14,1.197
2016-04-15,1.167
2016-04-18,1.179
2016-04-19,1.224
2016-04-20,1.207
2016-04-21,1.308
2016-04-22,1.312
2016-04-25,1.312
2016-04-26,1.342
2016-04-27,1.322
2016-04-28,1.299
2016-04-29,1.276
2016-05-02,1.29
2016-05-03,1.224
2016-05-04,1.225
2016-05-05,1.199
2016-05-06,1.156
2016-05-09,1.151
2016-05-10,1.165
2016-05-11,1.164
2016-05-12,1.178
2016-05-13,1.199
2016-05-16,1.205
2016-05-17,1.213
2016-05-18,1.286
2016-05-19,1.327
2016-05-20,1.339
2016-05-23,1.348
2016-05-24,1.366
2016-05-25,1.365
2016-05-26,1.337
2016-05-27,1.328
2016-05-30,.
2016-05-31,1.36
2016-06-01,1.343
2016-06-02,1.321
2016-06-03,1.213
2016-06-06,1.236
2016-06-07,1.195
2016-06-08,1.202
2016-06-09,1.17
2016-06-10,1.139
2016-06-13,1.118
2016-06-14,1.098
2016-06-15,1.103
2016-06-16,1.043
2016-06-17,1.109
2016-06-20,1.154
2016-06-21,1.164
2016-06-22,1.185
2016-06-23,1.203
2016-06-24,1.041
2016-06-27,0.958
2016-06-28,0.975
2016-06-29,0.978
2016-06-30,0.995
2016-07-01,0.998
2016-07-04,.
2016-07-05,0.94
2016-07-06,0.949
2016-07-07,0.971
2016-07-08,0.965
2016-07-11,0.998
2016-07-12,1.044
2016-07-13,1.016
2016-07-14,1.059
2016-07-15,1.132
2016-07-18,1.11
2016-07-19,1.101
2016-07-20,1.148
2016-07-21,1.173
2016-07-22,1.165
2016-07-25,1.184
2016-07-26,1.186
2016-07-27,1.152
2016-07-28,1.124
2016-07-29,1.068
2016-08-01,1.076
2016-08-02,1.105
2016-08-03,1.133
2016-08-04,1.072
2016-08-05,1.167
2016-08-08,1.181
2016-08-09,1.179
2016-08-10,1.136
2016-08-11,1.135
2016-08-12,1.094
2016-08-15,1.132
2016-08-16,1.165
2016-08-17,1.174
2016-08-18,1.148
2016-08-19,1.18
2016-08-22,1.16
2016-08-23,1.144
2016-08-24,1.152
2016-08-25,1.16
2016-08-26,1.169
2016-08-29,1.216
2016-08-30,1.198
2016-08-31,1.194
2016-09-01,1.202
2016-09-02,1.234
2016-09-05,.
2016-09-06,1.157
2016-09-07,1.131
2016-09-08,1.162
2016-09-09,1.232
2016-09-12,1.24
2016-09-13,1.208
2016-09-14,1.218
2016-09-15,1.197
2016-09-16,1.21
2016-09-19,1.228
2016-09-20,1.213
2016-09-21,1.256
2016-09-22,1.195
2016-09-23,1.193
2016-09-26,1.164
2016-09-27,1.149
2016-09-28,1.144
2016-09-29,1.172
2016-09-30,1.161
2016-10-03,1.203
2016-10-04,1.224
2016-10-05,1.277
2016-10-06,1.28
2016-10-07,1.293
2016-10-10,.
2016-10-11,1.312
2016-10-12,1.325
2016-10-13,1.279
2016-10-14,1.278
2016-10-17,1.279
2016-10-18,1.261
2016-10-19,1.251
2016-10-20,1.259
2016-10-21,1.272
2016-10-24,1.295
2016-10-25,1.286
2016-10-26,1.325
2016-10-27,1.375
2016-10-28,1.362
2016-10-31,1.336
2016-11-01,1.361
2016-11-02,1.297
2016-11-03,1.297
2016-11-04,1.283
2016-11-07,1.319
2016-11-08,1.355
2016-11-09,1.415
2016-11-10,1.552
2016-11-11,.
2016-11-14,1.705
2016-11-15,1.702
2016-11-16,1.719
2016-11-17,1.706
2016-11-18,1.782
2016-11-21,1.773
2016-11-22,1.763
2016-11-23,1.837
2016-11-24,.
2016-11-25,1.82
2016-11-28,1.785
2016-11-29,1.791
2016-11-30,1.806
2016-12-01,1.859
2016-12-02,1.818
2016-12-05,1.856
2016-12-06,1.836
2016-12-07,1.807
2016-12-08,1.834
2016-12-09,1.856
2016-12-12,1.911
2016-12-13,1.9
2016-12-14,1.88
2016-12-15,2.098
2016-12-16,2.135
2016-12-19,2.06
2016-12-20,2.09
2016-12-21,2.059
2016-12-22,2.065
2016-12-23,2.055
2016-12-26,.
2016-12-27,2.082
2016-12-28,2.079
2016-12-29,2.005
2016-12-30,1.977
2017-01-02,.
2017-01-03,2.005
2017-01-04,1.971
2017-01-05,1.904
2017-01-06,1.949
2017-01-09,1.935
2017-01-10,1.906
2017-01-11,1.943
2017-01-12,1.876
2017-01-13,1.959
2017-01-16,.
2017-01-17,1.889
2017-01-18,1.909
2017-01-19,2.034
2017-01-20,2.031
2017-01-23,1.946
2017-01-24,1.957
2017-01-25,2.022
2017-01-26,2.075
2017-01-27,2.018
2017-01-30,1.993
2017-01-31,1.971
2017-02-01,2.03
2017-02-02,1.975
2017-02-03,1.959
2017-02-06,1.963
2017-02-07,1.953
2017-02-08,1.898
2017-02-09,1.933
2017-02-10,1.977
2017-02-13,2.003
2017-02-14,2.06
2017-02-15,2.083
2017-02-16,2.038
2017-02-17,2.009
2017-02-20,.
2017-02-21,2.042
2017-02-22,2.044
2017-02-23,1.988
2017-02-24,1.943
2017-02-27,1.963
2017-02-28,1.971
2017-03-01,2.095
2017-03-02,2.129
2017-03-03,2.156
2017-03-06,2.122
2017-03-07,2.127
2017-03-08,2.176
2017-03-09,2.208
2017-03-10,2.206
2017-03-13,2.208
2017-03-14,2.213
2017-03-15,2.224
2017-03-16,2.126
2017-03-17,2.121
2017-03-20,2.116
2017-03-21,2.077
2017-03-22,2.028
2017-03-23,2.05
2017-03-24,2.062
2017-03-27,2.025
2017-03-28,2.02
2017-03-29,2.039
2017-03-30,2.055
2017-03-31,2.061
2017-04-03,2
2017-04-04,1.992
2017-04-05,1.993
2017-04-06,1.979
2017-04-07,1.96
2017-04-10,1.993
2017-04-11,1.926
2017-04-12,1.927
2017-04-13,1.895
2017-04-14,.
2017-04-17,1.855
2017-04-18,1.834
2017-04-19,1.855
2017-04-20,1.886
2017-04-21,1.875
2017-04-24,1.935
2017-04-25,1.969
2017-04-26,1.976
2017-04-27,1.932
2017-04-28,1.948
2017-05-01,1.953
2017-05-02,1.952
2017-05-03,1.938
2017-05-04,1.988
2017-05-05,1.991
2017-05-08,1.998
2017-05-09,2.016
2017-05-10,1.98
2017-05-11,1.987
2017-05-12,1.923
2017-05-15,1.916
2017-05-16,1.89
2017-05-17,1.833
2017-05-18,1.828
2017-05-19,1.865
2017-05-22,1.857
2017-05-23,1.858
2017-05-24,1.908
2017-05-25,1.877
2017-05-26,1.871
2017-05-29,.
2017-05-30,1.853
2017-05-31,1.83
2017-06-01,1.84
2017-06-02,1.796
2017-06-05,1.811
2017-06-06,1.781
2017-06-07,1.804
2017-06-08,1.85
2017-06-09,1.869
2017-06-12,1.855
2017-06-13,1.854
2017-06-14,1.775
2017-06-15,1.84
2017-06-16,1.815
2017-06-19,1.848
2017-06-20,1.845
2017-06-21,1.845
2017-06-22,1.819
2017-06-23,1.815
2017-06-26,1.815
2017-06-27,1.868
2017-06-28,1.877
2017-06-29,1.925
2017-06-30,1.936
2017-07-03,1.996
2017-07-04,.
2017-07-05,1.991
2017-07-06,2.025
2017-07-07,2.022
2017-07-10,2
2017-07-11,2.009
2017-07-12,1.935
2017-07-13,1.958
2017-07-14,1.921
2017-07-17,1.924
2017-07-18,1.881
2017-07-19,1.89
2017-07-20,1.903
2017-07-21,1.887
2017-07-24,1.893
2017-07-25,1.94
2017-07-26,1.943
2017-07-27,1.924
2017-07-28,1.917
2017-07-31,1.901
2017-08-01,1.881
2017-08-02,1.877
2017-08-03,1.882
2017-08-04,1.91
2017-08-07,1.897
2017-08-08,1.907
2017-08-09,1.869
2017-08-10,1.86
2017-08-11,1.838
2017-08-14,1.842
2017-08-15,1.889
2017-08-16,1.889
2017-08-17,1.856
2017-08-18,1.815
2017-08-21,1.82
2017-08-22,1.836
2017-08-23,1.811
2017-08-24,1.824
2017-08-25,1.817
2017-08-28,1.799
2017-08-29,1.75
2017-08-30,1.781
2017-08-31,1.771
2017-09-01,1.794
2017-09-04,.
2017-09-05,1.731
2017-09-06,1.726
2017-09-07,1.71
2017-09-08,1.736
2017-09-11,1.774
2017-09-12,1.814
2017-09-13,1.837
2017-09-14,1.869
2017-09-15,1.889
2017-09-18,1.912
2017-09-19,1.909
2017-09-20,1.9
2017-09-21,1.955
2017-09-22,1.948
2017-09-25,1.92
2017-09-26,1.941
2017-09-27,1.977
2017-09-28,1.997
2017-09-29,1.992
2017-10-02,2.014
2017-10-03,2.001
2017-10-04,2.009
2017-10-05,2.024
2017-10-06,2.048
2017-10-09,.
2017-10-10,2.009
2017-10-11,2.024
2017-10-12,2.021
2017-10-13,1.994
2017-10-16,2.007
2017-10-17,2.051
2017-10-18,2.073
2017-10-19,2.042
2017-10-20,2.092
2017-10-23,2.08
2017-10-24,2.105
2017-10-25,2.135
2017-10-26,2.133
2017-10-27,2.105
2017-10-30,2.086
2017-10-31,2.077
2017-11-01,2.085
2017-11-02,2.081
2017-11-03,2.091
2017-11-06,2.069
2017-11-07,2.061
2017-11-08,2.059
2017-11-09,2.086
2017-11-10,2.106
2017-11-13,2.122
2017-11-14,2.129
2017-11-15,2.107
2017-11-16,2.119
2017-11-17,2.119
2017-11-20,2.137
2017-11-21,2.158
2017-11-22,2.14
2017-11-23,.
2017-11-24,2.135
2017-11-27,2.133
2017-11-28,2.113
2017-11-29,2.17
2017-11-30,2.178
2017-12-01,2.214
2017-12-04,2.207
2017-12-05,2.219
2017-12-06,2.172
2017-12-07,2.184
2017-12-08,2.203
2017-12-11,2.205
2017-12-12,2.245
2017-12-13,2.214
2017-12-14,2.208
2017-12-15,2.211
2017-12-18,2.202
2017-12-19,2.26
2017-12-20,2.281
2017-12-21,2.295
2017-12-22,2.296
2017-12-25,.
2017-12-26,2.283
2017-12-27,2.268
2017-12-28,2.259
2017-12-29,2.256
2018-01-01,.
2018-01-02,2.283
2018-01-03,2.276
2018-01-04,2.323
2018-01-05,2.33
2018-01-08,2.324
2018-01-09,2.349
2018-01-10,2.393
2018-01-11,2.38
2018-01-12,2.405
2018-01-15,.
2018-01-16,2.398
2018-01-17,2.43
2018-01-18,2.468
2018-01-19,2.499
2018-01-22,2.507
2018-01-23,2.488
2018-01-24,2.505
2018-01-25,2.528
2018-01-26,2.536
2018-01-29,2.579
2018-01-30,2.569
2018-01-31,2.608
2018-02-01,2.616
2018-02-02,2.691
2018-02-05,2.68
2018-02-06,.
2018-02-07,2.609
2018-02-08,2.681
2018-02-09,2.638
2018-02-12,2.642
2018-02-13,2.642
2018-02-14,2.712
2018-02-15,2.731
2018-02-16,2.715
2018-02-19,.
2018-02-20,2.759
2018-02-21,2.768
2018-02-22,2.776
2018-02-23,2.728
2018-02-26,2.693
2018-02-27,2.793
2018-02-28,2.771
2018-03-01,2.739
2018-03-02,2.716
2018-03-05,2.714
2018-03-06,2.734
2018-03-07,2.759
2018-03-08,2.753
2018-03-09,2.798
2018-03-12,2.789
2018-03-13,2.788
2018-03-14,2.774
2018-03-15,2.753
2018-03-16,2.788
2018-03-19,2.794
2018-03-20,2.828
2018-03-21,2.859
2018-03-22,2.771
2018-03-23,2.774
2018-03-26,2.77
2018-03-27,2.754
2018-03-28,2.685
2018-03-29,2.714
2018-03-30,.
2018-04-02,2.723
2018-04-03,2.733
2018-04-04,2.739
2018-04-05,2.779
2018-04-06,2.733
2018-04-09,2.75
2018-04-10,2.751
2018-04-11,2.741
2018-04-12,2.788
2018-04-13,2.804
2018-04-16,2.819
2018-04-17,2.815
2018-04-18,2.829
2018-04-19,2.87
2018-04-20,2.899
2018-04-23,2.928
2018-04-24,2.943
2018-04-25,2.951
2018-04-26,2.935
2018-04-27,2.905
2018-04-30,2.914
2018-05-01,2.929
2018-05-02,2.934
2018-05-03,2.893
2018-05-04,2.906
2018-05-07,2.918
2018-05-08,2.938
2018-05-09,2.947
2018-05-10,2.937
2018-05-11,2.937
2018-05-14,2.931
2018-05-15,2.981
2018-05-16,3.02
2018-05-17,3.034
2018-05-18,2.989
2018-05-21,3.003
2018-05-22,3.001
2018-05-23,2.955
2018-05-24,2.894
2018-05-25,2.876
2018-05-28,.
2018-05-29,2.806
2018-05-30,2.77
2018-05-31,2.809
2018-06-01,2.868
2018-06-04,2.903
2018-06-05,2.904
2018-06-06,2.939
2018-06-07,2.946
2018-06-08,2.912
2018-06-11,2.939
2018-06-12,2.949
2018-06-13,2.956
2018-06-14,2.958
2018-06-15,2.926
2018-06-18,2.934
2018-06-19,2.908
2018-06-20,2.918
2018-06-21,2.92
2018-06-22,2.914
2018-06-25,2.89
2018-06-26,2.888
2018-06-27,2.877
2018-06-28,2.87
2018-06-29,2.886
2018-07-02,2.893
2018-07-03,2.882
2018-07-04,.
2018-07-05,2.88
2018-07-06,2.879
2018-07-09,2.896
2018-07-10,2.904
2018-07-11,2.9
2018-07-12,2.89
2018-07-13,2.874
2018-07-16,2.905
2018-07-17,2.899
2018-07-18,2.9
2018-07-19,2.9
2018-07-20,2.905
2018-07-23,2.94
2018-07-24,2.962
2018-07-25,2.948
2018-07-26,2.966
2018-07-27,2.97
2018-07-30,2.985
2018-07-31,2.977
2018-08-01,3.011
2018-08-02,2.995
2018-08-03,2.965
2018-08-06,2.947
2018-08-07,2.97
2018-08-08,2.965
2018-08-09,2.936
2018-08-10,2.884
2018-08-13,2.883
2018-08-14,2.899
2018-08-15,2.849
2018-08-16,2.888
2018-08-17,2.876
2018-08-20,2.856
2018-08-21,2.865
2018-08-22,2.853
2018-08-23,2.848
2018-08-24,2.859
2018-08-27,2.873
2018-08-28,2.899
2018-08-29,2.915
2018-08-30,2.901
2018-08-31,2.874
2018-09-03,.
2018-09-04,2.905
2018-09-05,2.904
2018-09-06,2.883
2018-09-07,2.951
2018-09-10,2.953
2018-09-11,2.986
2018-09-12,2.981
2018-09-13,2.988
2018-09-14,3.024
2018-09-17,3.018
2018-09-18,3.038
2018-09-19,3.079
2018-09-20,3.079
2018-09-21,3.077
2018-09-24,3.074
2018-09-25,3.112
2018-09-26,3.096
2018-09-27,3.083
2018-09-28,3.062
2018-10-01,3.071
2018-10-02,3.053
2018-10-03,3.095
2018-10-04,3.165
2018-10-05,3.187
2018-10-08,.
2018-10-09,3.18
2018-10-10,3.191
2018-10-11,3.143
2018-10-12,3.142
2018-10-15,3.133
2018-10-16,3.159
2018-10-17,3.149
2018-10-18,3.207
2018-10-19,3.191
2018-10-22,3.191
2018-10-23,3.116
2018-10-24,3.114
2018-10-25,3.123
2018-10-26,3.031
2018-10-29,3.099
2018-10-30,3.088
2018-10-31,3.131
2018-11-01,3.134
2018-11-02,3.161
2018-11-05,3.166
2018-11-06,3.174
2018-11-07,3.177
2018-11-08,3.195
2018-11-09,3.173
2018-11-12,.
2018-11-13,3.136
2018-11-14,3.122
2018-11-15,3.06
2018-11-16,3.052
2018-11-19,3.016
2018-11-20,3.02
2018-11-21,3.045
2018-11-22,.
2018-11-23,3.014
2018-11-26,3.044
2018-11-27,3.033
2018-11-28,3.031
2018-11-29,2.969
2018-11-30,2.978
2018-12-03,2.983
2018-12-04,2.96
2018-12-05,.
2018-12-06,2.824
2018-12-07,2.87
2018-12-10,2.795
2018-12-11,2.818
2018-12-12,2.865
2018-12-13,2.859
2018-12-14,2.838
2018-12-17,2.814
2018-12-18,2.764
2018-12-19,2.74
2018-12-20,2.731
2018-12-21,2.757
2018-12-24,.
2018-12-25,.
2018-12-26,2.639
2018-12-27,2.652
2018-12-28,2.635
2018-12-31,.
2019-01-01,.
2019-01-02,2.577
2019-01-03,2.457
2019-01-04,2.554
2019-01-07,2.566
2019-01-08,2.615
2019-01-09,2.631
2019-01-10,2.623
2019-01-11,2.603
2019-01-14,2.616
2019-01-15,2.617
2019-01-16,2.644
2019-01-17,2.652
2019-01-18,2.707
2019-01-21,.
2019-01-22,2.674
2019-01-23,2.668
2019-01-24,2.633
2019-01-25,2.669
2019-01-28,2.662
2019-01-29,2.634
2019-01-30,2.645
2019-01-31,2.55
2019-02-01,2.59
2019-02-04,2.627
2019-02-05,2.603
2019-02-06,2.591
2019-02-07,2.559
2019-02-08,2.528
2019-02-11,2.555
2019-02-12,2.579
2019-02-13,2.601
2019-02-14,2.561
2019-02-15,2.583
2019-02-18,.
2019-02-19,2.54
2019-02-20,2.546
2019-02-21,2.575
2019-02-22,2.542
2019-02-25,2.544
2019-02-26,2.512
2019-02-27,2.534
2019-02-28,2.577
2019-03-01,2.588
2019-03-04,2.594
2019-03-05,2.601
2019-03-06,2.57
2019-03-07,2.524
2019-03-08,2.51
2019-03-11,2.516
2019-03-12,2.498
2019-03-13,2.489
2019-03-14,2.491
2019-03-15,2.464
2019-03-18,2.478
2019-03-19,2.477
2019-03-20,2.453
2019-03-21,2.388
2019-03-22,2.291
2019-03-25,2.253
2019-03-26,2.254
2019-03-27,2.172
2019-03-28,2.233
2019-03-29,2.285
2019-04-01,2.35
2019-04-02,2.331
2019-04-03,2.36
2019-04-04,2.36
2019-04-05,2.349
2019-04-08,2.353
2019-04-09,2.344
2019-04-10,2.315
2019-04-11,2.341
2019-04-12,2.394
2019-04-15,2.41
2019-04-16,2.429
2019-04-17,2.439
2019-04-18,2.409
2019-04-19,.
2019-04-22,2.418
2019-04-23,2.389
2019-04-24,2.346
2019-04-25,2.351
2019-04-26,2.321
2019-04-29,2.341
2019-04-30,2.327
2019-05-01,2.309
2019-05-02,2.383
2019-05-03,2.366
2019-05-06,2.329
2019-05-07,2.307
2019-05-08,2.291
2019-05-09,2.267
2019-05-10,2.259
2019-05-13,2.208
2019-05-14,2.218
2019-05-15,2.177
2019-05-16,2.207
2019-05-17,2.203
2019-05-20,2.2
2019-05-21,2.243
2019-05-22,2.202
2019-05-23,2.133
2019-05-24,2.11
2019-05-27,.
2019-05-28,2.08
2019-05-29,2.02
2019-05-30,2.072
2019-05-31,1.962
2019-06-03,1.911
2019-06-04,1.921
2019-06-05,.
2019-06-06,1.869
2019-06-07,1.844
2019-06-10,1.923
2019-06-11,1.943
2019-06-12,1.875
2019-06-13,1.858
2019-06-14,1.829
2019-06-17,1.831
2019-06-18,1.798
2019-06-19,1.863
2019-06-20,1.697
2019-06-21,1.793
2019-06-24,1.725
2019-06-25,1.687
2019-06-26,1.743
2019-06-27,1.759
2019-06-28,1.758
2019-07-01,1.771
2019-07-02,1.757
2019-07-03,1.714
2019-07-04,.
2019-07-05,.
2019-07-08,1.815
2019-07-09,1.834
2019-07-10,.
2019-07-11,1.85
2019-07-12,1.863
2019-07-15,1.84
2019-07-16,1.87
2019-07-17,1.83
2019-07-18,1.805
2019-07-19,1.787
2019-07-22,1.779
2019-07-23,1.788
2019-07-24,1.791
2019-07-25,1.818
2019-07-26,1.824
2019-07-29,1.811
2019-07-30,1.812
2019-07-31,1.793
2019-08-01,1.745
2019-08-02,1.619
2019-08-05,.
2019-08-06,1.482
2019-08-07,.
2019-08-08,1.49
2019-08-09,1.471
2019-08-12,1.436
2019-08-13,1.51
2019-08-14,.
2019-08-15,.
2019-08-16,1.405
2019-08-19,1.418
2019-08-20,1.374
2019-08-21,1.405
2019-08-22,.
2019-08-23,.
2019-08-26,.
2019-08-27,1.335
2019-08-28,1.311
2019-08-29,.
2019-08-30,.
2019-09-02,.
2019-09-03,.
2019-09-04,1.264
2019-09-05,1.379
2019-09-06,1.362
2019-09-09,1.434
2019-09-10,1.468
2019-09-11,1.516
2019-09-12,.
2019-09-13,1.663
2019-09-16,1.645
2019-09-17,1.63
2019-09-18,1.567
2019-09-19,1.596
2019-09-20,1.586
2019-09-23,1.488
2019-09-24,.
2019-09-25,.
2019-09-26,.
2019-09-27,1.524
2019-09-30,1.518
2019-10-01,.
2019-10-02,.
2019-10-03,.
2019-10-04,1.318
2019-10-07,1.349
2019-10-08,1.336
2019-10-09,.
2019-10-10,1.454
2019-10-11,1.562
2019-10-14,.
2019-10-15,1.576
2019-10-16,1.568
2019-10-17,1.562
2019-10-18,1.552
2019-10-21,1.578
